{
  "Routes": [
    {
      "DownstreamPathTemplate": "/api/user/register",
      "DownstreamScheme": "http",
      "DownstreamHostAndPorts": [
        {
          "Host": "userservice",
          "Port": 80
        }
      ],
      "UpstreamPathTemplate": "/users/register",
      "UpstreamHttpMethod": [ "POST", "PUT", "GET", "DELETE" ]
    }, 
    
    

    {
      "DownstreamPathTemplate": "/api/auth/login",
      "DownstreamScheme": "http",
      "DownstreamHostAndPorts": [
        {
          "Host": "userservice",
          "Port": 80
        }
      ],
      "UpstreamPathTemplate": "/auth/login",
      "UpstreamHttpMethod": [ "POST", "PUT", "GET", "DELETE" ]
    },
    
    
    
    {
      "DownstreamPathTemplate": "/api/user/updateProfile",
      "DownstreamScheme": "http",
      "DownstreamHostAndPorts": [
        {
          "Host": "userservice",
          "Port": 80
        }
      ],
      "UpstreamPathTemplate": "/users/updateProfile",
      "UpstreamHttpMethod": [ "POST", "PUT", "GET", "DELETE" ]
    },
    
    
    
    {
      "DownstreamPathTemplate": "/api/user/deleteGuestAccount/{id}",
      "DownstreamScheme": "http",
      "DownstreamHostAndPorts": [
        {
          "Host": "userservice",
          "Port": 80
        }
      ],
      "UpstreamPathTemplate": "/users/deleteGuestAccount/{id}",
      "UpstreamHttpMethod": [ "POST", "PUT", "GET", "DELETE" ]
    },
    
    
    
    {
      "DownstreamPathTemplate": "/api/user/deleteHostAccount/{id}",
      "DownstreamScheme": "http",
      "DownstreamHostAndPorts": [
        {
          "Host": "userservice",
          "Port": 80
        }
      ],
      "UpstreamPathTemplate": "/users/deleteHostAccount/{id}",
      "UpstreamHttpMethod": [ "POST", "PUT", "GET", "DELETE" ]
    },
    
    
    
    {
      "DownstreamPathTemplate": "/api/accommodation/createAccomodation",
      "DownstreamScheme": "http",
      "DownstreamHostAndPorts": [
        {
          "Host": "reservationservice",
          "Port": 80
        }
      ],
      "UpstreamPathTemplate": "/accommodations/createAccomodation",
      "UpstreamHttpMethod": [ "POST", "PUT", "GET", "DELETE" ]
    },
    
    
    {
      "DownstreamPathTemplate": "/api/accommodation/accommodation{id}",
      "DownstreamScheme": "http",
      "DownstreamHostAndPorts": [
        {
          "Host": "reservationservice",
          "Port": 80
        }
      ],
      "UpstreamPathTemplate": "/accommodations/accommodation{id}",
      "UpstreamHttpMethod": [ "POST", "PUT", "GET", "DELETE" ]
    },


    {
      "DownstreamPathTemplate": "/api/accommodation/host{id}",
      "DownstreamScheme": "http",
      "DownstreamHostAndPorts": [
        {
          "Host": "reservationservice",
          "Port": 80
        }
      ],
      "UpstreamPathTemplate": "/accommodations/host{id}",
      "UpstreamHttpMethod": [ "POST", "PUT", "GET", "DELETE" ]
    },
    
    
    
    

   
  

    {
      "DownstreamPathTemplate": "/api/accommodation/all",
      "DownstreamScheme": "http",
      "DownstreamHostAndPorts": [
        {
          "Host": "reservationservice",
          "Port": 80
        }
      ],
      "UpstreamPathTemplate": "/accommodations/all",
      "UpstreamHttpMethod": [ "POST", "PUT", "GET", "DELETE" ]
    },
    

    {
      "DownstreamPathTemplate": "/api/reservation/createReservation",
      "DownstreamScheme": "http",
      "DownstreamHostAndPorts": [
        {
          "Host": "reservationservice",
          "Port": 80
        }
      ],
      "UpstreamPathTemplate": "/reservation/createReservation",
      "UpstreamHttpMethod": [ "POST", "PUT", "GET", "DELETE" ]
    },
    
    
    
    {
      "DownstreamPathTemplate": "/api/reservation/guestCancel",
      "DownstreamScheme": "http",
      "DownstreamHostAndPorts": [
        {
          "Host": "reservationservice",
          "Port": 80
        }
      ],
      "UpstreamPathTemplate": "/reservation/guestCancel",
      "UpstreamHttpMethod": [ "POST", "PUT", "GET", "DELETE" ]
    },
    {
      "DownstreamPathTemplate": "/api/reservation/accept",
      "DownstreamScheme": "http",
      "DownstreamHostAndPorts": [
        {
          "Host": "reservationservice",
          "Port": 80
        }
      ],
      "UpstreamPathTemplate": "/reservation/accept",
      "UpstreamHttpMethod": [ "POST", "PUT", "GET", "DELETE" ]
    },
    {
      "DownstreamPathTemplate": "/api/reservation/all",
      "DownstreamScheme": "http",
      "DownstreamHostAndPorts": [
        {
          "Host": "reservationservice",
          "Port": 80
        }
      ],
      "UpstreamPathTemplate": "/reservation/all",
      "UpstreamHttpMethod": [ "POST", "PUT", "GET", "DELETE" ]
    },
    {
      "DownstreamPathTemplate": "/api/reservation/reservation{id:long}",
      "DownstreamScheme": "http",
      "DownstreamHostAndPorts": [
        {
          "Host": "reservationservice",
          "Port": 80
        }
      ],
      "UpstreamPathTemplate": "/reservation/reservation{id:long}",
      "UpstreamHttpMethod": [ "POST", "PUT", "GET", "DELETE" ]
    },
    {
      "DownstreamPathTemplate": "/api/reservation/host{id:long}",
      "DownstreamScheme": "http",
      "DownstreamHostAndPorts": [
        {
          "Host": "reservationservice",
          "Port": 80
        }
      ],
      "UpstreamPathTemplate": "/reservation/host{id:long}",
      "UpstreamHttpMethod": [ "POST", "PUT", "GET", "DELETE" ]
    },
    {
      "DownstreamPathTemplate": "/api/reservation/guest{id}",
      "DownstreamScheme": "http",
      "DownstreamHostAndPorts": [
        {
          "Host": "reservationservice",
          "Port": 80
        }
      ],
      "UpstreamPathTemplate": "/reservation/guest{id}",
      "UpstreamHttpMethod": [ "POST", "PUT", "GET", "DELETE" ]
    },
    {
      "DownstreamPathTemplate": "/api/reservation/accommodation{id}",
      "DownstreamScheme": "http",
      "DownstreamHostAndPorts": [
        {
          "Host": "reservationservice",
          "Port": 80
        }
      ],
      "UpstreamPathTemplate": "/reservation/accommodation{id}",
      "UpstreamHttpMethod": [ "POST", "PUT", "GET", "DELETE" ]
    },
    {
      "DownstreamPathTemplate": "/api/reservation/notAvailableDates{id}",
      "DownstreamScheme": "http",
      "DownstreamHostAndPorts": [
        {
          "Host": "reservationservice",
          "Port": 80
        }
      ],
      "UpstreamPathTemplate": "/reservation/notAvailableDates{id}",
      "UpstreamHttpMethod": [ "POST", "PUT", "GET", "DELETE" ]
    },
    {
      "DownstreamPathTemplate": "/api/reservation/totalPrice/{id}/{startDate}/{endDate}/{numGuests}",
      "DownstreamScheme": "http",
      "DownstreamHostAndPorts": [
        {
          "Host": "reservationservice",
          "Port": 80
        }
      ],
      "UpstreamPathTemplate": "/reservation/totalPrice/{id}/{startDate}/{endDate}/{numGuests}",
      "UpstreamHttpMethod": [ "POST", "PUT", "GET", "DELETE" ]
    },
    {
      "DownstreamPathTemplate": "/api/accommodation/search/{guestsNum}/{location}/{startDate}/{endDate}",
      "DownstreamScheme": "http",
      "DownstreamHostAndPorts": [
        {
          "Host": "reservationservice",
          "Port": 80
        }
      ],
      "UpstreamPathTemplate": "/accommodations/search/{guestsNum}/{location}/{startDate}/{endDate}",
      "UpstreamHttpMethod": [ "POST", "PUT", "GET", "DELETE" ]
    },
    
    
    
    {
      "DownstreamPathTemplate": "/api/user/getUserByID/{id}",
      "DownstreamScheme": "http",
      "DownstreamHostAndPorts": [
        {
          "Host": "userservice",
          "Port": 80
        }
      ],
      "UpstreamPathTemplate": "/users/getUserByID/{id}",
      "UpstreamHttpMethod": [ "POST", "PUT", "GET", "DELETE" ]
    },
    
    
    
    {
      "DownstreamPathTemplate": "/api/user/updatee",
      "DownstreamScheme": "http",
      "DownstreamHostAndPorts": [
        {
          "Host": "userservice",
          "Port": 80
        }
      ],
      "UpstreamPathTemplate": "/users/updatee",
      "UpstreamHttpMethod": [ "POST", "PUT", "GET", "DELETE" ]
    }
  ],
  "GlobalConfiguration": {
    "BaseUrl": "http://localhost:8080"
  }
}
